llm_model_name,dataset_name,tensor_parallelism_degree,max_requests_per_batch,max_tokens_per_batch,arrival_rate,num_warmup_requests,request_guid,is_warmup_request,timestamp,decoding_step_idx
meta-llama/llama-3.1-70b,peft_throughput,4,8,128,0,10,1000000,1,908168,-2
meta-llama/llama-3.1-70b,peft_throughput,4,8,128,0,10,1000001,1,908180,-2
meta-llama/llama-3.1-70b,peft_throughput,4,8,128,0,10,1000002,1,908184,-2
meta-llama/llama-3.1-70b,peft_throughput,4,8,128,0,10,1000003,1,908187,-2
meta-llama/llama-3.1-70b,peft_throughput,4,8,128,0,10,1000004,1,908191,-2
meta-llama/llama-3.1-70b,peft_throughput,4,8,128,0,10,1000005,1,908195,-2
meta-llama/llama-3.1-70b,peft_throughput,4,8,128,0,10,1000006,1,908198,-2
meta-llama/llama-3.1-70b,peft_throughput,4,8,128,0,10,1000007,1,908202,-2
meta-llama/llama-3.1-70b,peft_throughput,4,8,128,0,10,1000008,1,908223,-2
meta-llama/llama-3.1-70b,peft_throughput,4,8,128,0,10,1000009,1,908243,-2
meta-llama/llama-3.1-70b,peft_throughput,4,8,128,0,10,1000000,1,56051517,-1
meta-llama/llama-3.1-70b,peft_throughput,4,8,128,0,10,1000001,1,56673075,-1
meta-llama/llama-3.1-70b,peft_throughput,4,8,128,0,10,1000000,1,56777741,0
meta-llama/llama-3.1-70b,peft_throughput,4,8,128,0,10,1000000,1,56845044,1
meta-llama/llama-3.1-70b,peft_throughput,4,8,128,0,10,1000000,1,56916892,2
meta-llama/llama-3.1-70b,peft_throughput,4,8,128,0,10,1000000,1,56996652,3
meta-llama/llama-3.1-70b,peft_throughput,4,8,128,0,10,1000002,1,56996710,-1
meta-llama/llama-3.1-70b,peft_throughput,4,8,128,0,10,1000000,1,57148788,4
meta-llama/llama-3.1-70b,peft_throughput,4,8,128,0,10,1000001,1,57148789,0
meta-llama/llama-3.1-70b,peft_throughput,4,8,128,0,10,1000000,1,57217449,5
meta-llama/llama-3.1-70b,peft_throughput,4,8,128,0,10,1000001,1,57217450,1
meta-llama/llama-3.1-70b,peft_throughput,4,8,128,0,10,1000000,1,57287197,6
meta-llama/llama-3.1-70b,peft_throughput,4,8,128,0,10,1000001,1,57287197,2
meta-llama/llama-3.1-70b,peft_throughput,4,8,128,0,10,1000000,1,57364030,7
meta-llama/llama-3.1-70b,peft_throughput,4,8,128,0,10,1000001,1,57364030,3
meta-llama/llama-3.1-70b,peft_throughput,4,8,128,0,10,1000003,1,57364045,-1
meta-llama/llama-3.1-70b,peft_throughput,4,8,128,0,10,1000000,1,57441752,8
meta-llama/llama-3.1-70b,peft_throughput,4,8,128,0,10,1000001,1,57441752,4
meta-llama/llama-3.1-70b,peft_throughput,4,8,128,0,10,1000002,1,57441752,0
meta-llama/llama-3.1-70b,peft_throughput,4,8,128,0,10,1000000,1,57508681,9
meta-llama/llama-3.1-70b,peft_throughput,4,8,128,0,10,1000001,1,57508681,5
meta-llama/llama-3.1-70b,peft_throughput,4,8,128,0,10,1000002,1,57508681,1
meta-llama/llama-3.1-70b,peft_throughput,4,8,128,0,10,1000000,1,57579526,10
meta-llama/llama-3.1-70b,peft_throughput,4,8,128,0,10,1000001,1,57579583,6
meta-llama/llama-3.1-70b,peft_throughput,4,8,128,0,10,1000002,1,57579583,2
meta-llama/llama-3.1-70b,peft_throughput,4,8,128,0,10,1000000,1,57657404,11
meta-llama/llama-3.1-70b,peft_throughput,4,8,128,0,10,1000001,1,57657404,7
meta-llama/llama-3.1-70b,peft_throughput,4,8,128,0,10,1000002,1,57657404,3
meta-llama/llama-3.1-70b,peft_throughput,4,8,128,0,10,1000004,1,57657415,-1
meta-llama/llama-3.1-70b,peft_throughput,4,8,128,0,10,1000000,1,57733901,12
meta-llama/llama-3.1-70b,peft_throughput,4,8,128,0,10,1000001,1,57733901,8
meta-llama/llama-3.1-70b,peft_throughput,4,8,128,0,10,1000002,1,57733901,4
meta-llama/llama-3.1-70b,peft_throughput,4,8,128,0,10,1000003,1,57733901,0
meta-llama/llama-3.1-70b,peft_throughput,4,8,128,0,10,1000000,1,57799514,13
meta-llama/llama-3.1-70b,peft_throughput,4,8,128,0,10,1000001,1,57799514,9
meta-llama/llama-3.1-70b,peft_throughput,4,8,128,0,10,1000002,1,57799514,5
meta-llama/llama-3.1-70b,peft_throughput,4,8,128,0,10,1000003,1,57799514,1
meta-llama/llama-3.1-70b,peft_throughput,4,8,128,0,10,1000000,1,57868255,14
meta-llama/llama-3.1-70b,peft_throughput,4,8,128,0,10,1000001,1,57868255,10
meta-llama/llama-3.1-70b,peft_throughput,4,8,128,0,10,1000002,1,57868255,6
meta-llama/llama-3.1-70b,peft_throughput,4,8,128,0,10,1000003,1,57868255,2
meta-llama/llama-3.1-70b,peft_throughput,4,8,128,0,10,1000000,1,57942884,15
meta-llama/llama-3.1-70b,peft_throughput,4,8,128,0,10,1000001,1,57942884,11
meta-llama/llama-3.1-70b,peft_throughput,4,8,128,0,10,1000002,1,57942884,7
meta-llama/llama-3.1-70b,peft_throughput,4,8,128,0,10,1000003,1,57942884,3
meta-llama/llama-3.1-70b,peft_throughput,4,8,128,0,10,1000005,1,57942968,-1
meta-llama/llama-3.1-70b,peft_throughput,4,8,128,0,10,1000000,1,58019698,16
meta-llama/llama-3.1-70b,peft_throughput,4,8,128,0,10,1000001,1,58019698,12
meta-llama/llama-3.1-70b,peft_throughput,4,8,128,0,10,1000002,1,58019698,8
meta-llama/llama-3.1-70b,peft_throughput,4,8,128,0,10,1000003,1,58019698,4
meta-llama/llama-3.1-70b,peft_throughput,4,8,128,0,10,1000004,1,58019698,0
meta-llama/llama-3.1-70b,peft_throughput,4,8,128,0,10,1000000,1,58085963,17
meta-llama/llama-3.1-70b,peft_throughput,4,8,128,0,10,1000001,1,58085963,13
meta-llama/llama-3.1-70b,peft_throughput,4,8,128,0,10,1000002,1,58085963,9
meta-llama/llama-3.1-70b,peft_throughput,4,8,128,0,10,1000003,1,58085963,5
meta-llama/llama-3.1-70b,peft_throughput,4,8,128,0,10,1000004,1,58085965,1
meta-llama/llama-3.1-70b,peft_throughput,4,8,128,0,10,1000000,1,58155140,18
meta-llama/llama-3.1-70b,peft_throughput,4,8,128,0,10,1000001,1,58155140,14
meta-llama/llama-3.1-70b,peft_throughput,4,8,128,0,10,1000002,1,58155140,10
meta-llama/llama-3.1-70b,peft_throughput,4,8,128,0,10,1000003,1,58155140,6
meta-llama/llama-3.1-70b,peft_throughput,4,8,128,0,10,1000004,1,58155140,2
meta-llama/llama-3.1-70b,peft_throughput,4,8,128,0,10,1000000,1,58230539,19
meta-llama/llama-3.1-70b,peft_throughput,4,8,128,0,10,1000001,1,58230539,15
meta-llama/llama-3.1-70b,peft_throughput,4,8,128,0,10,1000002,1,58230539,11
meta-llama/llama-3.1-70b,peft_throughput,4,8,128,0,10,1000003,1,58230539,7
meta-llama/llama-3.1-70b,peft_throughput,4,8,128,0,10,1000004,1,58230539,3
meta-llama/llama-3.1-70b,peft_throughput,4,8,128,0,10,1000006,1,58230554,-1
meta-llama/llama-3.1-70b,peft_throughput,4,8,128,0,10,1000000,1,58329263,20
meta-llama/llama-3.1-70b,peft_throughput,4,8,128,0,10,1000001,1,58329263,16
meta-llama/llama-3.1-70b,peft_throughput,4,8,128,0,10,1000002,1,58329263,12
meta-llama/llama-3.1-70b,peft_throughput,4,8,128,0,10,1000003,1,58329263,8
meta-llama/llama-3.1-70b,peft_throughput,4,8,128,0,10,1000004,1,58329263,4
meta-llama/llama-3.1-70b,peft_throughput,4,8,128,0,10,1000005,1,58329263,0
meta-llama/llama-3.1-70b,peft_throughput,4,8,128,0,10,1000000,1,58393723,21
meta-llama/llama-3.1-70b,peft_throughput,4,8,128,0,10,1000001,1,58393723,17
meta-llama/llama-3.1-70b,peft_throughput,4,8,128,0,10,1000002,1,58393723,13
meta-llama/llama-3.1-70b,peft_throughput,4,8,128,0,10,1000003,1,58393723,9
meta-llama/llama-3.1-70b,peft_throughput,4,8,128,0,10,1000004,1,58393723,5
meta-llama/llama-3.1-70b,peft_throughput,4,8,128,0,10,1000005,1,58393723,1
meta-llama/llama-3.1-70b,peft_throughput,4,8,128,0,10,1000000,1,58461430,22
meta-llama/llama-3.1-70b,peft_throughput,4,8,128,0,10,1000001,1,58461430,18
meta-llama/llama-3.1-70b,peft_throughput,4,8,128,0,10,1000002,1,58461430,14
meta-llama/llama-3.1-70b,peft_throughput,4,8,128,0,10,1000003,1,58461430,10
meta-llama/llama-3.1-70b,peft_throughput,4,8,128,0,10,1000004,1,58461430,6
meta-llama/llama-3.1-70b,peft_throughput,4,8,128,0,10,1000005,1,58461430,2
meta-llama/llama-3.1-70b,peft_throughput,4,8,128,0,10,1000000,1,58533305,23
meta-llama/llama-3.1-70b,peft_throughput,4,8,128,0,10,1000001,1,58533305,19
meta-llama/llama-3.1-70b,peft_throughput,4,8,128,0,10,1000002,1,58533305,15
meta-llama/llama-3.1-70b,peft_throughput,4,8,128,0,10,1000003,1,58533305,11
meta-llama/llama-3.1-70b,peft_throughput,4,8,128,0,10,1000004,1,58533305,7
meta-llama/llama-3.1-70b,peft_throughput,4,8,128,0,10,1000005,1,58533305,3
meta-llama/llama-3.1-70b,peft_throughput,4,8,128,0,10,1000007,1,58533387,-1
meta-llama/llama-3.1-70b,peft_throughput,4,8,128,0,10,1000000,1,58611078,24
meta-llama/llama-3.1-70b,peft_throughput,4,8,128,0,10,1000001,1,58611078,20
meta-llama/llama-3.1-70b,peft_throughput,4,8,128,0,10,1000002,1,58611078,16
meta-llama/llama-3.1-70b,peft_throughput,4,8,128,0,10,1000003,1,58611078,12
meta-llama/llama-3.1-70b,peft_throughput,4,8,128,0,10,1000004,1,58611078,8
meta-llama/llama-3.1-70b,peft_throughput,4,8,128,0,10,1000005,1,58611078,4
meta-llama/llama-3.1-70b,peft_throughput,4,8,128,0,10,1000006,1,58611078,0
meta-llama/llama-3.1-70b,peft_throughput,4,8,128,0,10,1000000,1,58677102,25
meta-llama/llama-3.1-70b,peft_throughput,4,8,128,0,10,1000001,1,58677103,21
meta-llama/llama-3.1-70b,peft_throughput,4,8,128,0,10,1000002,1,58677103,17
meta-llama/llama-3.1-70b,peft_throughput,4,8,128,0,10,1000003,1,58677103,13
meta-llama/llama-3.1-70b,peft_throughput,4,8,128,0,10,1000004,1,58677103,9
meta-llama/llama-3.1-70b,peft_throughput,4,8,128,0,10,1000005,1,58677103,5
meta-llama/llama-3.1-70b,peft_throughput,4,8,128,0,10,1000006,1,58677103,1
meta-llama/llama-3.1-70b,peft_throughput,4,8,128,0,10,1000000,1,58746123,26
meta-llama/llama-3.1-70b,peft_throughput,4,8,128,0,10,1000001,1,58746123,22
meta-llama/llama-3.1-70b,peft_throughput,4,8,128,0,10,1000002,1,58746123,18
meta-llama/llama-3.1-70b,peft_throughput,4,8,128,0,10,1000003,1,58746123,14
meta-llama/llama-3.1-70b,peft_throughput,4,8,128,0,10,1000004,1,58746123,10
meta-llama/llama-3.1-70b,peft_throughput,4,8,128,0,10,1000005,1,58746123,6
meta-llama/llama-3.1-70b,peft_throughput,4,8,128,0,10,1000006,1,58746123,2
meta-llama/llama-3.1-70b,peft_throughput,4,8,128,0,10,1000000,1,58819985,27
meta-llama/llama-3.1-70b,peft_throughput,4,8,128,0,10,1000001,1,58819986,23
meta-llama/llama-3.1-70b,peft_throughput,4,8,128,0,10,1000002,1,58819986,19
meta-llama/llama-3.1-70b,peft_throughput,4,8,128,0,10,1000003,1,58819986,15
meta-llama/llama-3.1-70b,peft_throughput,4,8,128,0,10,1000004,1,58819986,11
meta-llama/llama-3.1-70b,peft_throughput,4,8,128,0,10,1000005,1,58819986,7
meta-llama/llama-3.1-70b,peft_throughput,4,8,128,0,10,1000006,1,58819987,3
meta-llama/llama-3.1-70b,peft_throughput,4,8,128,0,10,1000000,1,61915651,28
meta-llama/llama-3.1-70b,peft_throughput,4,8,128,0,10,1000001,1,61915652,24
meta-llama/llama-3.1-70b,peft_throughput,4,8,128,0,10,1000002,1,61915652,20
meta-llama/llama-3.1-70b,peft_throughput,4,8,128,0,10,1000003,1,61915652,16
meta-llama/llama-3.1-70b,peft_throughput,4,8,128,0,10,1000004,1,61915652,12
meta-llama/llama-3.1-70b,peft_throughput,4,8,128,0,10,1000005,1,61915652,8
meta-llama/llama-3.1-70b,peft_throughput,4,8,128,0,10,1000006,1,61915652,4
meta-llama/llama-3.1-70b,peft_throughput,4,8,128,0,10,1000007,1,61915652,0
meta-llama/llama-3.1-70b,peft_throughput,4,8,128,0,10,1000000,1,61989936,29
meta-llama/llama-3.1-70b,peft_throughput,4,8,128,0,10,1000001,1,62016374,25
meta-llama/llama-3.1-70b,peft_throughput,4,8,128,0,10,1000002,1,62016375,21
meta-llama/llama-3.1-70b,peft_throughput,4,8,128,0,10,1000003,1,62016375,17
meta-llama/llama-3.1-70b,peft_throughput,4,8,128,0,10,1000004,1,62016375,13
meta-llama/llama-3.1-70b,peft_throughput,4,8,128,0,10,1000005,1,62016375,9
meta-llama/llama-3.1-70b,peft_throughput,4,8,128,0,10,1000006,1,62016375,5
meta-llama/llama-3.1-70b,peft_throughput,4,8,128,0,10,1000007,1,62016375,1
meta-llama/llama-3.1-70b,peft_throughput,4,8,128,0,10,1000008,1,62016390,-1
meta-llama/llama-3.1-70b,peft_throughput,4,8,128,0,10,1000001,1,62085242,26
meta-llama/llama-3.1-70b,peft_throughput,4,8,128,0,10,1000002,1,62085242,22
meta-llama/llama-3.1-70b,peft_throughput,4,8,128,0,10,1000003,1,62085242,18
meta-llama/llama-3.1-70b,peft_throughput,4,8,128,0,10,1000004,1,62085242,14
meta-llama/llama-3.1-70b,peft_throughput,4,8,128,0,10,1000005,1,62085242,10
meta-llama/llama-3.1-70b,peft_throughput,4,8,128,0,10,1000006,1,62085243,6
meta-llama/llama-3.1-70b,peft_throughput,4,8,128,0,10,1000007,1,62085243,2
meta-llama/llama-3.1-70b,peft_throughput,4,8,128,0,10,1000001,1,62156228,27
meta-llama/llama-3.1-70b,peft_throughput,4,8,128,0,10,1000002,1,62156228,23
meta-llama/llama-3.1-70b,peft_throughput,4,8,128,0,10,1000003,1,62156228,19
meta-llama/llama-3.1-70b,peft_throughput,4,8,128,0,10,1000004,1,62156228,15
meta-llama/llama-3.1-70b,peft_throughput,4,8,128,0,10,1000005,1,62156228,11
meta-llama/llama-3.1-70b,peft_throughput,4,8,128,0,10,1000006,1,62156228,7
meta-llama/llama-3.1-70b,peft_throughput,4,8,128,0,10,1000007,1,62156228,3
meta-llama/llama-3.1-70b,peft_throughput,4,8,128,0,10,1000001,1,62230496,28
meta-llama/llama-3.1-70b,peft_throughput,4,8,128,0,10,1000002,1,62230496,24
meta-llama/llama-3.1-70b,peft_throughput,4,8,128,0,10,1000003,1,62230496,20
meta-llama/llama-3.1-70b,peft_throughput,4,8,128,0,10,1000004,1,62230496,16
meta-llama/llama-3.1-70b,peft_throughput,4,8,128,0,10,1000005,1,62230496,12
meta-llama/llama-3.1-70b,peft_throughput,4,8,128,0,10,1000006,1,62230496,8
meta-llama/llama-3.1-70b,peft_throughput,4,8,128,0,10,1000007,1,62230497,4
meta-llama/llama-3.1-70b,peft_throughput,4,8,128,0,10,1000001,1,62308761,29
meta-llama/llama-3.1-70b,peft_throughput,4,8,128,0,10,1000002,1,62318171,25
meta-llama/llama-3.1-70b,peft_throughput,4,8,128,0,10,1000003,1,62318172,21
meta-llama/llama-3.1-70b,peft_throughput,4,8,128,0,10,1000004,1,62318172,17
meta-llama/llama-3.1-70b,peft_throughput,4,8,128,0,10,1000005,1,62318172,13
meta-llama/llama-3.1-70b,peft_throughput,4,8,128,0,10,1000006,1,62318172,9
meta-llama/llama-3.1-70b,peft_throughput,4,8,128,0,10,1000007,1,62318172,5
meta-llama/llama-3.1-70b,peft_throughput,4,8,128,0,10,1000009,1,62318185,-1
meta-llama/llama-3.1-70b,peft_throughput,4,8,128,0,10,1000008,1,62394459,0
meta-llama/llama-3.1-70b,peft_throughput,4,8,128,0,10,1000002,1,62394459,26
meta-llama/llama-3.1-70b,peft_throughput,4,8,128,0,10,1000003,1,62394460,22
meta-llama/llama-3.1-70b,peft_throughput,4,8,128,0,10,1000004,1,62394460,18
meta-llama/llama-3.1-70b,peft_throughput,4,8,128,0,10,1000005,1,62394460,14
meta-llama/llama-3.1-70b,peft_throughput,4,8,128,0,10,1000006,1,62394460,10
meta-llama/llama-3.1-70b,peft_throughput,4,8,128,0,10,1000007,1,62394460,6
meta-llama/llama-3.1-70b,peft_throughput,4,8,128,0,10,1000008,1,62461554,1
meta-llama/llama-3.1-70b,peft_throughput,4,8,128,0,10,1000002,1,62461554,27
meta-llama/llama-3.1-70b,peft_throughput,4,8,128,0,10,1000003,1,62461554,23
meta-llama/llama-3.1-70b,peft_throughput,4,8,128,0,10,1000004,1,62461554,19
meta-llama/llama-3.1-70b,peft_throughput,4,8,128,0,10,1000005,1,62461554,15
meta-llama/llama-3.1-70b,peft_throughput,4,8,128,0,10,1000006,1,62461554,11
meta-llama/llama-3.1-70b,peft_throughput,4,8,128,0,10,1000007,1,62461554,7
meta-llama/llama-3.1-70b,peft_throughput,4,8,128,0,10,1000008,1,62531812,2
meta-llama/llama-3.1-70b,peft_throughput,4,8,128,0,10,1000002,1,62531813,28
meta-llama/llama-3.1-70b,peft_throughput,4,8,128,0,10,1000003,1,62531813,24
meta-llama/llama-3.1-70b,peft_throughput,4,8,128,0,10,1000004,1,62531813,20
meta-llama/llama-3.1-70b,peft_throughput,4,8,128,0,10,1000005,1,62531813,16
meta-llama/llama-3.1-70b,peft_throughput,4,8,128,0,10,1000006,1,62531814,12
meta-llama/llama-3.1-70b,peft_throughput,4,8,128,0,10,1000007,1,62531814,8
meta-llama/llama-3.1-70b,peft_throughput,4,8,128,0,10,1000008,1,62608175,3
meta-llama/llama-3.1-70b,peft_throughput,4,8,128,0,10,1000002,1,62608176,29
meta-llama/llama-3.1-70b,peft_throughput,4,8,128,0,10,1000003,1,62621214,25
meta-llama/llama-3.1-70b,peft_throughput,4,8,128,0,10,1000004,1,62621214,21
meta-llama/llama-3.1-70b,peft_throughput,4,8,128,0,10,1000005,1,62621214,17
meta-llama/llama-3.1-70b,peft_throughput,4,8,128,0,10,1000006,1,62621215,13
meta-llama/llama-3.1-70b,peft_throughput,4,8,128,0,10,1000007,1,62621215,9
meta-llama/llama-3.1-70b,peft_throughput,4,8,128,0,10,1000008,1,62705563,4
meta-llama/llama-3.1-70b,peft_throughput,4,8,128,0,10,1000009,1,62705564,0
meta-llama/llama-3.1-70b,peft_throughput,4,8,128,0,10,1000003,1,62705564,26
meta-llama/llama-3.1-70b,peft_throughput,4,8,128,0,10,1000004,1,62705564,22
meta-llama/llama-3.1-70b,peft_throughput,4,8,128,0,10,1000005,1,62705564,18
meta-llama/llama-3.1-70b,peft_throughput,4,8,128,0,10,1000006,1,62705564,14
meta-llama/llama-3.1-70b,peft_throughput,4,8,128,0,10,1000007,1,62705564,10
meta-llama/llama-3.1-70b,peft_throughput,4,8,128,0,10,1000008,1,62781201,5
meta-llama/llama-3.1-70b,peft_throughput,4,8,128,0,10,1000009,1,62781202,1
meta-llama/llama-3.1-70b,peft_throughput,4,8,128,0,10,1000003,1,62781202,27
meta-llama/llama-3.1-70b,peft_throughput,4,8,128,0,10,1000004,1,62781202,23
meta-llama/llama-3.1-70b,peft_throughput,4,8,128,0,10,1000005,1,62781202,19
meta-llama/llama-3.1-70b,peft_throughput,4,8,128,0,10,1000006,1,62781202,15
meta-llama/llama-3.1-70b,peft_throughput,4,8,128,0,10,1000007,1,62781202,11
meta-llama/llama-3.1-70b,peft_throughput,4,8,128,0,10,1000008,1,62862336,6
meta-llama/llama-3.1-70b,peft_throughput,4,8,128,0,10,1000009,1,62862336,2
meta-llama/llama-3.1-70b,peft_throughput,4,8,128,0,10,1000003,1,62862336,28
meta-llama/llama-3.1-70b,peft_throughput,4,8,128,0,10,1000004,1,62862336,24
meta-llama/llama-3.1-70b,peft_throughput,4,8,128,0,10,1000005,1,62862336,20
meta-llama/llama-3.1-70b,peft_throughput,4,8,128,0,10,1000006,1,62862337,16
meta-llama/llama-3.1-70b,peft_throughput,4,8,128,0,10,1000007,1,62862337,12
meta-llama/llama-3.1-70b,peft_throughput,4,8,128,0,10,1000008,1,62950745,7
meta-llama/llama-3.1-70b,peft_throughput,4,8,128,0,10,1000009,1,62950745,3
meta-llama/llama-3.1-70b,peft_throughput,4,8,128,0,10,1000003,1,62950746,29
meta-llama/llama-3.1-70b,peft_throughput,4,8,128,0,10,1000004,1,62956404,25
meta-llama/llama-3.1-70b,peft_throughput,4,8,128,0,10,1000005,1,62956404,21
meta-llama/llama-3.1-70b,peft_throughput,4,8,128,0,10,1000006,1,62956404,17
meta-llama/llama-3.1-70b,peft_throughput,4,8,128,0,10,1000007,1,62956404,13
meta-llama/llama-3.1-70b,peft_throughput,4,8,128,0,10,1000008,1,63049428,8
meta-llama/llama-3.1-70b,peft_throughput,4,8,128,0,10,1000009,1,63049429,4
meta-llama/llama-3.1-70b,peft_throughput,4,8,128,0,10,1000004,1,63049429,26
meta-llama/llama-3.1-70b,peft_throughput,4,8,128,0,10,1000005,1,63049429,22
meta-llama/llama-3.1-70b,peft_throughput,4,8,128,0,10,1000006,1,63049429,18
meta-llama/llama-3.1-70b,peft_throughput,4,8,128,0,10,1000007,1,63049429,14
meta-llama/llama-3.1-70b,peft_throughput,4,8,128,0,10,1000008,1,63147467,9
meta-llama/llama-3.1-70b,peft_throughput,4,8,128,0,10,1000009,1,63147467,5
meta-llama/llama-3.1-70b,peft_throughput,4,8,128,0,10,1000004,1,63147467,27
meta-llama/llama-3.1-70b,peft_throughput,4,8,128,0,10,1000005,1,63147467,23
meta-llama/llama-3.1-70b,peft_throughput,4,8,128,0,10,1000006,1,63147467,19
meta-llama/llama-3.1-70b,peft_throughput,4,8,128,0,10,1000007,1,63147467,15
meta-llama/llama-3.1-70b,peft_throughput,4,8,128,0,10,1000008,1,63250335,10
meta-llama/llama-3.1-70b,peft_throughput,4,8,128,0,10,1000009,1,63250335,6
meta-llama/llama-3.1-70b,peft_throughput,4,8,128,0,10,1000004,1,63250335,28
meta-llama/llama-3.1-70b,peft_throughput,4,8,128,0,10,1000005,1,63250336,24
meta-llama/llama-3.1-70b,peft_throughput,4,8,128,0,10,1000006,1,63250336,20
meta-llama/llama-3.1-70b,peft_throughput,4,8,128,0,10,1000007,1,63250336,16
meta-llama/llama-3.1-70b,peft_throughput,4,8,128,0,10,1000008,1,63356671,11
meta-llama/llama-3.1-70b,peft_throughput,4,8,128,0,10,1000009,1,63356671,7
meta-llama/llama-3.1-70b,peft_throughput,4,8,128,0,10,1000004,1,63356671,29
meta-llama/llama-3.1-70b,peft_throughput,4,8,128,0,10,1000005,1,63373148,25
meta-llama/llama-3.1-70b,peft_throughput,4,8,128,0,10,1000006,1,63373149,21
meta-llama/llama-3.1-70b,peft_throughput,4,8,128,0,10,1000007,1,63373149,17
meta-llama/llama-3.1-70b,peft_throughput,4,8,128,0,10,1000008,1,63939649,12
meta-llama/llama-3.1-70b,peft_throughput,4,8,128,0,10,1000009,1,63939655,8
meta-llama/llama-3.1-70b,peft_throughput,4,8,128,0,10,1000005,1,63939655,26
meta-llama/llama-3.1-70b,peft_throughput,4,8,128,0,10,1000006,1,63939655,22
meta-llama/llama-3.1-70b,peft_throughput,4,8,128,0,10,1000007,1,63939655,18
meta-llama/llama-3.1-70b,peft_throughput,4,8,128,0,10,1000008,1,64009376,13
meta-llama/llama-3.1-70b,peft_throughput,4,8,128,0,10,1000009,1,64009377,9
meta-llama/llama-3.1-70b,peft_throughput,4,8,128,0,10,1000005,1,64009377,27
meta-llama/llama-3.1-70b,peft_throughput,4,8,128,0,10,1000006,1,64009377,23
meta-llama/llama-3.1-70b,peft_throughput,4,8,128,0,10,1000007,1,64009377,19
meta-llama/llama-3.1-70b,peft_throughput,4,8,128,0,10,1000008,1,64081913,14
meta-llama/llama-3.1-70b,peft_throughput,4,8,128,0,10,1000009,1,64081913,10
meta-llama/llama-3.1-70b,peft_throughput,4,8,128,0,10,1000005,1,64081913,28
meta-llama/llama-3.1-70b,peft_throughput,4,8,128,0,10,1000006,1,64081913,24
meta-llama/llama-3.1-70b,peft_throughput,4,8,128,0,10,1000007,1,64081914,20
meta-llama/llama-3.1-70b,peft_throughput,4,8,128,0,10,1000008,1,64158558,15
meta-llama/llama-3.1-70b,peft_throughput,4,8,128,0,10,1000009,1,64158558,11
meta-llama/llama-3.1-70b,peft_throughput,4,8,128,0,10,1000005,1,64158558,29
meta-llama/llama-3.1-70b,peft_throughput,4,8,128,0,10,1000006,1,64162341,25
meta-llama/llama-3.1-70b,peft_throughput,4,8,128,0,10,1000007,1,64162341,21
meta-llama/llama-3.1-70b,peft_throughput,4,8,128,0,10,1000008,1,64244476,16
meta-llama/llama-3.1-70b,peft_throughput,4,8,128,0,10,1000009,1,64244476,12
meta-llama/llama-3.1-70b,peft_throughput,4,8,128,0,10,1000006,1,64244476,26
meta-llama/llama-3.1-70b,peft_throughput,4,8,128,0,10,1000007,1,64244477,22
meta-llama/llama-3.1-70b,peft_throughput,4,8,128,0,10,1000008,1,64334012,17
meta-llama/llama-3.1-70b,peft_throughput,4,8,128,0,10,1000009,1,64334013,13
meta-llama/llama-3.1-70b,peft_throughput,4,8,128,0,10,1000006,1,64334013,27
meta-llama/llama-3.1-70b,peft_throughput,4,8,128,0,10,1000007,1,64334013,23
meta-llama/llama-3.1-70b,peft_throughput,4,8,128,0,10,1000008,1,64429895,18
meta-llama/llama-3.1-70b,peft_throughput,4,8,128,0,10,1000009,1,64429895,14
meta-llama/llama-3.1-70b,peft_throughput,4,8,128,0,10,1000006,1,64429896,28
meta-llama/llama-3.1-70b,peft_throughput,4,8,128,0,10,1000007,1,64429896,24
meta-llama/llama-3.1-70b,peft_throughput,4,8,128,0,10,1000008,1,64530875,19
meta-llama/llama-3.1-70b,peft_throughput,4,8,128,0,10,1000009,1,64530876,15
meta-llama/llama-3.1-70b,peft_throughput,4,8,128,0,10,1000006,1,64530876,29
meta-llama/llama-3.1-70b,peft_throughput,4,8,128,0,10,1000007,1,64537973,25
meta-llama/llama-3.1-70b,peft_throughput,4,8,128,0,10,1000008,1,64646435,20
meta-llama/llama-3.1-70b,peft_throughput,4,8,128,0,10,1000009,1,64646435,16
meta-llama/llama-3.1-70b,peft_throughput,4,8,128,0,10,1000007,1,64646435,26
meta-llama/llama-3.1-70b,peft_throughput,4,8,128,0,10,1000008,1,64713720,21
meta-llama/llama-3.1-70b,peft_throughput,4,8,128,0,10,1000009,1,64713720,17
meta-llama/llama-3.1-70b,peft_throughput,4,8,128,0,10,1000007,1,64713720,27
meta-llama/llama-3.1-70b,peft_throughput,4,8,128,0,10,1000008,1,65186937,22
meta-llama/llama-3.1-70b,peft_throughput,4,8,128,0,10,1000009,1,65186937,18
meta-llama/llama-3.1-70b,peft_throughput,4,8,128,0,10,1000007,1,65186937,28
meta-llama/llama-3.1-70b,peft_throughput,4,8,128,0,10,1000008,1,65256431,23
meta-llama/llama-3.1-70b,peft_throughput,4,8,128,0,10,1000009,1,65256431,19
meta-llama/llama-3.1-70b,peft_throughput,4,8,128,0,10,1000007,1,65256431,29
meta-llama/llama-3.1-70b,peft_throughput,4,8,128,0,10,1000008,1,65334467,24
meta-llama/llama-3.1-70b,peft_throughput,4,8,128,0,10,1000009,1,65334467,20
meta-llama/llama-3.1-70b,peft_throughput,4,8,128,0,10,1000008,1,65409833,25
meta-llama/llama-3.1-70b,peft_throughput,4,8,128,0,10,1000009,1,65409833,21
meta-llama/llama-3.1-70b,peft_throughput,4,8,128,0,10,1000008,1,65492644,26
meta-llama/llama-3.1-70b,peft_throughput,4,8,128,0,10,1000009,1,65492645,22
meta-llama/llama-3.1-70b,peft_throughput,4,8,128,0,10,1000008,1,65583628,27
meta-llama/llama-3.1-70b,peft_throughput,4,8,128,0,10,1000009,1,65583629,23
meta-llama/llama-3.1-70b,peft_throughput,4,8,128,0,10,1000008,1,65680847,28
meta-llama/llama-3.1-70b,peft_throughput,4,8,128,0,10,1000009,1,65680847,24
meta-llama/llama-3.1-70b,peft_throughput,4,8,128,0,10,1000008,1,65782762,29
meta-llama/llama-3.1-70b,peft_throughput,4,8,128,0,10,1000009,1,65789092,25
meta-llama/llama-3.1-70b,peft_throughput,4,8,128,0,10,1000009,1,65898669,26
meta-llama/llama-3.1-70b,peft_throughput,4,8,128,0,10,1000009,1,65959402,27
meta-llama/llama-3.1-70b,peft_throughput,4,8,128,0,10,1000009,1,66431689,28
meta-llama/llama-3.1-70b,peft_throughput,4,8,128,0,10,1000009,1,66501259,29
