llm_model_name,dataset_name,tensor_parallelism_degree,max_requests_per_batch,max_tokens_per_batch,arrival_rate,num_warmup_requests,step_idx,is_warmup_step,timestamp,num_inference_requests,num_prefilling_tokens,num_decoding_tokens,num_finetuning_fwd_tokens,num_finetuning_bwd_tokens,num_bwd_layers
meta-llama/llama-3.1-70b,peft_throughput,4,8,128,0,10,0,0,56051438,0,0,0,0,0,0
meta-llama/llama-3.1-70b,peft_throughput,4,8,128,0,10,1,1,56468086,1,128,0,0,0,0
meta-llama/llama-3.1-70b,peft_throughput,4,8,128,0,10,2,1,56532855,1,128,0,0,0,0
meta-llama/llama-3.1-70b,peft_throughput,4,8,128,0,10,3,1,56599116,1,128,0,0,0,0
meta-llama/llama-3.1-70b,peft_throughput,4,8,128,0,10,4,1,56673011,1,128,0,0,0,0
meta-llama/llama-3.1-70b,peft_throughput,4,8,128,0,10,5,1,56777733,2,127,1,0,0,0
meta-llama/llama-3.1-70b,peft_throughput,4,8,128,0,10,6,1,56845041,2,127,1,0,0,0
meta-llama/llama-3.1-70b,peft_throughput,4,8,128,0,10,7,1,56916889,2,127,1,0,0,0
meta-llama/llama-3.1-70b,peft_throughput,4,8,128,0,10,8,1,56996647,2,127,1,0,0,0
meta-llama/llama-3.1-70b,peft_throughput,4,8,128,0,10,9,1,57148782,3,127,1,0,0,0
meta-llama/llama-3.1-70b,peft_throughput,4,8,128,0,10,10,1,57217446,3,126,2,0,0,0
meta-llama/llama-3.1-70b,peft_throughput,4,8,128,0,10,11,1,57287193,3,126,2,0,0,0
meta-llama/llama-3.1-70b,peft_throughput,4,8,128,0,10,12,1,57364027,3,126,2,0,0,0
meta-llama/llama-3.1-70b,peft_throughput,4,8,128,0,10,13,1,57441746,4,126,2,0,0,0
meta-llama/llama-3.1-70b,peft_throughput,4,8,128,0,10,14,1,57508678,4,125,3,0,0,0
meta-llama/llama-3.1-70b,peft_throughput,4,8,128,0,10,15,1,57579522,4,125,3,0,0,0
meta-llama/llama-3.1-70b,peft_throughput,4,8,128,0,10,16,1,57657398,4,125,3,0,0,0
meta-llama/llama-3.1-70b,peft_throughput,4,8,128,0,10,17,1,57733894,5,125,3,0,0,0
meta-llama/llama-3.1-70b,peft_throughput,4,8,128,0,10,18,1,57799510,5,124,4,0,0,0
meta-llama/llama-3.1-70b,peft_throughput,4,8,128,0,10,19,1,57868252,5,124,4,0,0,0
meta-llama/llama-3.1-70b,peft_throughput,4,8,128,0,10,20,1,57942881,5,124,4,0,0,0
meta-llama/llama-3.1-70b,peft_throughput,4,8,128,0,10,21,1,58019633,6,124,4,0,0,0
meta-llama/llama-3.1-70b,peft_throughput,4,8,128,0,10,22,1,58085960,6,123,5,0,0,0
meta-llama/llama-3.1-70b,peft_throughput,4,8,128,0,10,23,1,58155137,6,123,5,0,0,0
meta-llama/llama-3.1-70b,peft_throughput,4,8,128,0,10,24,1,58230536,6,123,5,0,0,0
meta-llama/llama-3.1-70b,peft_throughput,4,8,128,0,10,25,1,58329256,7,123,5,0,0,0
meta-llama/llama-3.1-70b,peft_throughput,4,8,128,0,10,26,1,58393719,7,122,6,0,0,0
meta-llama/llama-3.1-70b,peft_throughput,4,8,128,0,10,27,1,58461427,7,122,6,0,0,0
meta-llama/llama-3.1-70b,peft_throughput,4,8,128,0,10,28,1,58533300,7,122,6,0,0,0
meta-llama/llama-3.1-70b,peft_throughput,4,8,128,0,10,29,1,58611072,8,122,6,0,0,0
meta-llama/llama-3.1-70b,peft_throughput,4,8,128,0,10,30,1,58677099,8,121,7,0,0,0
meta-llama/llama-3.1-70b,peft_throughput,4,8,128,0,10,31,1,58746119,8,121,7,0,0,0
meta-llama/llama-3.1-70b,peft_throughput,4,8,128,0,10,32,1,58819981,8,121,7,0,0,0
meta-llama/llama-3.1-70b,peft_throughput,4,8,128,0,10,33,1,61915642,8,113,7,8,0,0
meta-llama/llama-3.1-70b,peft_throughput,4,8,128,0,10,34,1,61989929,8,0,8,120,0,0
meta-llama/llama-3.1-70b,peft_throughput,4,8,128,0,10,35,1,62085238,8,121,7,0,0,0
meta-llama/llama-3.1-70b,peft_throughput,4,8,128,0,10,36,1,62156224,8,121,7,0,0,0
meta-llama/llama-3.1-70b,peft_throughput,4,8,128,0,10,37,1,62230492,8,121,7,0,0,0
meta-llama/llama-3.1-70b,peft_throughput,4,8,128,0,10,38,1,62308757,8,121,7,0,0,0
meta-llama/llama-3.1-70b,peft_throughput,4,8,128,0,10,39,1,62394378,8,122,6,0,0,0
meta-llama/llama-3.1-70b,peft_throughput,4,8,128,0,10,40,1,62461551,8,121,7,0,0,0
meta-llama/llama-3.1-70b,peft_throughput,4,8,128,0,10,41,1,62531807,8,121,7,0,0,0
meta-llama/llama-3.1-70b,peft_throughput,4,8,128,0,10,42,1,62608171,8,121,7,0,0,0
meta-llama/llama-3.1-70b,peft_throughput,4,8,128,0,10,43,1,62705557,7,57,6,65,0,0
meta-llama/llama-3.1-70b,peft_throughput,4,8,128,0,10,44,1,62781198,7,0,7,121,0,0
meta-llama/llama-3.1-70b,peft_throughput,4,8,128,0,10,45,1,62862334,7,0,7,121,0,0
meta-llama/llama-3.1-70b,peft_throughput,4,8,128,0,10,46,1,62950741,7,0,7,121,0,0
meta-llama/llama-3.1-70b,peft_throughput,4,8,128,0,10,47,1,63049425,6,0,6,122,0,0
meta-llama/llama-3.1-70b,peft_throughput,4,8,128,0,10,48,1,63147463,6,0,6,122,0,0
meta-llama/llama-3.1-70b,peft_throughput,4,8,128,0,10,49,1,63250332,6,0,6,122,0,0
meta-llama/llama-3.1-70b,peft_throughput,4,8,128,0,10,50,1,63356668,6,0,6,102,0,0
meta-llama/llama-3.1-70b,peft_throughput,4,8,128,0,10,51,1,63939646,5,0,5,0,1024,80
meta-llama/llama-3.1-70b,peft_throughput,4,8,128,0,10,52,1,64009372,5,0,5,123,0,0
meta-llama/llama-3.1-70b,peft_throughput,4,8,128,0,10,53,1,64081910,5,0,5,123,0,0
meta-llama/llama-3.1-70b,peft_throughput,4,8,128,0,10,54,1,64158555,5,0,5,123,0,0
meta-llama/llama-3.1-70b,peft_throughput,4,8,128,0,10,55,1,64244473,4,0,4,124,0,0
meta-llama/llama-3.1-70b,peft_throughput,4,8,128,0,10,56,1,64334009,4,0,4,124,0,0
meta-llama/llama-3.1-70b,peft_throughput,4,8,128,0,10,57,1,64429892,4,0,4,124,0,0
meta-llama/llama-3.1-70b,peft_throughput,4,8,128,0,10,58,1,64530872,4,0,4,124,0,0
meta-llama/llama-3.1-70b,peft_throughput,4,8,128,0,10,59,1,64646432,3,0,3,125,0,0
meta-llama/llama-3.1-70b,peft_throughput,4,8,128,0,10,60,1,64713717,3,0,3,34,0,0
meta-llama/llama-3.1-70b,peft_throughput,4,8,128,0,10,61,1,65186934,3,0,3,0,1024,80
meta-llama/llama-3.1-70b,peft_throughput,4,8,128,0,10,62,1,65256427,3,0,3,125,0,0
meta-llama/llama-3.1-70b,peft_throughput,4,8,128,0,10,63,1,65334464,2,0,2,126,0,0
meta-llama/llama-3.1-70b,peft_throughput,4,8,128,0,10,64,1,65409825,2,0,2,126,0,0
meta-llama/llama-3.1-70b,peft_throughput,4,8,128,0,10,65,1,65492641,2,0,2,126,0,0
meta-llama/llama-3.1-70b,peft_throughput,4,8,128,0,10,66,1,65583625,2,0,2,126,0,0
meta-llama/llama-3.1-70b,peft_throughput,4,8,128,0,10,67,1,65680844,2,0,2,126,0,0
meta-llama/llama-3.1-70b,peft_throughput,4,8,128,0,10,68,1,65782758,2,0,2,126,0,0
meta-llama/llama-3.1-70b,peft_throughput,4,8,128,0,10,69,1,65898665,1,0,1,127,0,0
meta-llama/llama-3.1-70b,peft_throughput,4,8,128,0,10,70,1,65959399,1,0,1,16,0,0
meta-llama/llama-3.1-70b,peft_throughput,4,8,128,0,10,71,1,66431685,1,0,1,0,1024,80
meta-llama/llama-3.1-70b,peft_throughput,4,8,128,0,10,72,1,66501255,1,0,1,127,0,0
meta-llama/llama-3.1-70b,peft_throughput,4,8,128,0,10,73,1,66578339,0,0,0,128,0,0
meta-llama/llama-3.1-70b,peft_throughput,4,8,128,0,10,74,0,66579142,0,0,0,0,0,0
meta-llama/llama-3.1-70b,peft_throughput,4,8,128,0,10,75,0,66655186,0,0,0,128,0,0
meta-llama/llama-3.1-70b,peft_throughput,4,8,128,0,10,76,0,66723413,0,0,0,128,0,0
meta-llama/llama-3.1-70b,peft_throughput,4,8,128,0,10,77,0,66794534,0,0,0,128,0,0
meta-llama/llama-3.1-70b,peft_throughput,4,8,128,0,10,78,0,66873343,0,0,0,128,0,0
meta-llama/llama-3.1-70b,peft_throughput,4,8,128,0,10,79,0,66959187,0,0,0,128,0,0
meta-llama/llama-3.1-70b,peft_throughput,4,8,128,0,10,80,0,67050932,0,0,0,128,0,0
meta-llama/llama-3.1-70b,peft_throughput,4,8,128,0,10,81,0,67148437,0,0,0,128,0,0
meta-llama/llama-3.1-70b,peft_throughput,4,8,128,0,10,82,0,67249762,0,0,0,128,0,0
meta-llama/llama-3.1-70b,peft_throughput,4,8,128,0,10,83,0,67672079,0,0,0,0,1024,80
meta-llama/llama-3.1-70b,peft_throughput,4,8,128,0,10,84,0,67738878,0,0,0,128,0,0
meta-llama/llama-3.1-70b,peft_throughput,4,8,128,0,10,85,0,67807296,0,0,0,128,0,0
meta-llama/llama-3.1-70b,peft_throughput,4,8,128,0,10,86,0,67878670,0,0,0,128,0,0
meta-llama/llama-3.1-70b,peft_throughput,4,8,128,0,10,87,0,67957887,0,0,0,128,0,0
meta-llama/llama-3.1-70b,peft_throughput,4,8,128,0,10,88,0,68043791,0,0,0,128,0,0
meta-llama/llama-3.1-70b,peft_throughput,4,8,128,0,10,89,0,68135585,0,0,0,128,0,0
meta-llama/llama-3.1-70b,peft_throughput,4,8,128,0,10,90,0,68232821,0,0,0,128,0,0
meta-llama/llama-3.1-70b,peft_throughput,4,8,128,0,10,91,0,68334318,0,0,0,128,0,0
meta-llama/llama-3.1-70b,peft_throughput,4,8,128,0,10,92,0,68756848,0,0,0,0,1024,80
meta-llama/llama-3.1-70b,peft_throughput,4,8,128,0,10,93,0,68822757,0,0,0,128,0,0
meta-llama/llama-3.1-70b,peft_throughput,4,8,128,0,10,94,0,68891529,0,0,0,128,0,0
meta-llama/llama-3.1-70b,peft_throughput,4,8,128,0,10,95,0,68963400,0,0,0,128,0,0
meta-llama/llama-3.1-70b,peft_throughput,4,8,128,0,10,96,0,69042491,0,0,0,128,0,0
meta-llama/llama-3.1-70b,peft_throughput,4,8,128,0,10,97,0,69128403,0,0,0,128,0,0
meta-llama/llama-3.1-70b,peft_throughput,4,8,128,0,10,98,0,69220374,0,0,0,128,0,0
meta-llama/llama-3.1-70b,peft_throughput,4,8,128,0,10,99,0,69317301,0,0,0,128,0,0
meta-llama/llama-3.1-70b,peft_throughput,4,8,128,0,10,100,0,69418601,0,0,0,128,0,0
meta-llama/llama-3.1-70b,peft_throughput,4,8,128,0,10,101,0,69841216,0,0,0,0,1024,80
meta-llama/llama-3.1-70b,peft_throughput,4,8,128,0,10,102,0,69907213,0,0,0,128,0,0
meta-llama/llama-3.1-70b,peft_throughput,4,8,128,0,10,103,0,69975749,0,0,0,128,0,0
meta-llama/llama-3.1-70b,peft_throughput,4,8,128,0,10,104,0,70047187,0,0,0,128,0,0
meta-llama/llama-3.1-70b,peft_throughput,4,8,128,0,10,105,0,70126549,0,0,0,128,0,0
meta-llama/llama-3.1-70b,peft_throughput,4,8,128,0,10,106,0,70212482,0,0,0,128,0,0
meta-llama/llama-3.1-70b,peft_throughput,4,8,128,0,10,107,0,70304212,0,0,0,128,0,0
meta-llama/llama-3.1-70b,peft_throughput,4,8,128,0,10,108,0,70400917,0,0,0,128,0,0
meta-llama/llama-3.1-70b,peft_throughput,4,8,128,0,10,109,0,70502873,0,0,0,128,0,0
meta-llama/llama-3.1-70b,peft_throughput,4,8,128,0,10,110,0,70925564,0,0,0,0,1024,80
meta-llama/llama-3.1-70b,peft_throughput,4,8,128,0,10,111,0,70991873,0,0,0,128,0,0
meta-llama/llama-3.1-70b,peft_throughput,4,8,128,0,10,112,0,71060107,0,0,0,128,0,0
meta-llama/llama-3.1-70b,peft_throughput,4,8,128,0,10,113,0,71131416,0,0,0,128,0,0
meta-llama/llama-3.1-70b,peft_throughput,4,8,128,0,10,114,0,71210979,0,0,0,128,0,0
meta-llama/llama-3.1-70b,peft_throughput,4,8,128,0,10,115,0,71297204,0,0,0,128,0,0
meta-llama/llama-3.1-70b,peft_throughput,4,8,128,0,10,116,0,71389163,0,0,0,128,0,0
meta-llama/llama-3.1-70b,peft_throughput,4,8,128,0,10,117,0,71485926,0,0,0,128,0,0
meta-llama/llama-3.1-70b,peft_throughput,4,8,128,0,10,118,0,71587573,0,0,0,128,0,0
meta-llama/llama-3.1-70b,peft_throughput,4,8,128,0,10,119,0,72010462,0,0,0,0,1024,80
meta-llama/llama-3.1-70b,peft_throughput,4,8,128,0,10,120,0,72076306,0,0,0,128,0,0
meta-llama/llama-3.1-70b,peft_throughput,4,8,128,0,10,121,0,72144888,0,0,0,128,0,0
meta-llama/llama-3.1-70b,peft_throughput,4,8,128,0,10,122,0,72216466,0,0,0,128,0,0
meta-llama/llama-3.1-70b,peft_throughput,4,8,128,0,10,123,0,72295610,0,0,0,128,0,0
meta-llama/llama-3.1-70b,peft_throughput,4,8,128,0,10,124,0,72381560,0,0,0,128,0,0
meta-llama/llama-3.1-70b,peft_throughput,4,8,128,0,10,125,0,72473259,0,0,0,128,0,0
meta-llama/llama-3.1-70b,peft_throughput,4,8,128,0,10,126,0,72570103,0,0,0,128,0,0
meta-llama/llama-3.1-70b,peft_throughput,4,8,128,0,10,127,0,72671510,0,0,0,128,0,0
meta-llama/llama-3.1-70b,peft_throughput,4,8,128,0,10,128,0,73094357,0,0,0,0,1024,80
meta-llama/llama-3.1-70b,peft_throughput,4,8,128,0,10,129,0,73160321,0,0,0,128,0,0
meta-llama/llama-3.1-70b,peft_throughput,4,8,128,0,10,130,0,73229164,0,0,0,128,0,0
meta-llama/llama-3.1-70b,peft_throughput,4,8,128,0,10,131,0,73300630,0,0,0,128,0,0
meta-llama/llama-3.1-70b,peft_throughput,4,8,128,0,10,132,0,73379570,0,0,0,128,0,0
meta-llama/llama-3.1-70b,peft_throughput,4,8,128,0,10,133,0,73466012,0,0,0,128,0,0
meta-llama/llama-3.1-70b,peft_throughput,4,8,128,0,10,134,0,73557987,0,0,0,128,0,0
meta-llama/llama-3.1-70b,peft_throughput,4,8,128,0,10,135,0,73655265,0,0,0,128,0,0
meta-llama/llama-3.1-70b,peft_throughput,4,8,128,0,10,136,0,73756635,0,0,0,128,0,0
meta-llama/llama-3.1-70b,peft_throughput,4,8,128,0,10,137,0,74179206,0,0,0,0,1024,80
meta-llama/llama-3.1-70b,peft_throughput,4,8,128,0,10,138,0,74244953,0,0,0,128,0,0
meta-llama/llama-3.1-70b,peft_throughput,4,8,128,0,10,139,0,74313337,0,0,0,128,0,0
meta-llama/llama-3.1-70b,peft_throughput,4,8,128,0,10,140,0,74384991,0,0,0,128,0,0
meta-llama/llama-3.1-70b,peft_throughput,4,8,128,0,10,141,0,74463909,0,0,0,128,0,0
meta-llama/llama-3.1-70b,peft_throughput,4,8,128,0,10,142,0,74549915,0,0,0,128,0,0
meta-llama/llama-3.1-70b,peft_throughput,4,8,128,0,10,143,0,74642174,0,0,0,128,0,0
meta-llama/llama-3.1-70b,peft_throughput,4,8,128,0,10,144,0,74739028,0,0,0,128,0,0
meta-llama/llama-3.1-70b,peft_throughput,4,8,128,0,10,145,0,74840793,0,0,0,128,0,0
meta-llama/llama-3.1-70b,peft_throughput,4,8,128,0,10,146,0,75263384,0,0,0,0,1024,80
meta-llama/llama-3.1-70b,peft_throughput,4,8,128,0,10,147,0,75329417,0,0,0,128,0,0
meta-llama/llama-3.1-70b,peft_throughput,4,8,128,0,10,148,0,75398293,0,0,0,128,0,0
meta-llama/llama-3.1-70b,peft_throughput,4,8,128,0,10,149,0,75470040,0,0,0,128,0,0
meta-llama/llama-3.1-70b,peft_throughput,4,8,128,0,10,150,0,75549200,0,0,0,128,0,0
meta-llama/llama-3.1-70b,peft_throughput,4,8,128,0,10,151,0,75635084,0,0,0,128,0,0
meta-llama/llama-3.1-70b,peft_throughput,4,8,128,0,10,152,0,75726880,0,0,0,128,0,0
meta-llama/llama-3.1-70b,peft_throughput,4,8,128,0,10,153,0,75823655,0,0,0,128,0,0
meta-llama/llama-3.1-70b,peft_throughput,4,8,128,0,10,154,0,75925042,0,0,0,128,0,0
meta-llama/llama-3.1-70b,peft_throughput,4,8,128,0,10,155,0,76348094,0,0,0,0,1024,80
meta-llama/llama-3.1-70b,peft_throughput,4,8,128,0,10,156,0,76414523,0,0,0,128,0,0
meta-llama/llama-3.1-70b,peft_throughput,4,8,128,0,10,157,0,76482715,0,0,0,128,0,0
meta-llama/llama-3.1-70b,peft_throughput,4,8,128,0,10,158,0,76554167,0,0,0,128,0,0
meta-llama/llama-3.1-70b,peft_throughput,4,8,128,0,10,159,0,76633008,0,0,0,128,0,0
meta-llama/llama-3.1-70b,peft_throughput,4,8,128,0,10,160,0,76719086,0,0,0,128,0,0
meta-llama/llama-3.1-70b,peft_throughput,4,8,128,0,10,161,0,76810910,0,0,0,128,0,0
meta-llama/llama-3.1-70b,peft_throughput,4,8,128,0,10,162,0,76907854,0,0,0,128,0,0
meta-llama/llama-3.1-70b,peft_throughput,4,8,128,0,10,163,0,77009168,0,0,0,128,0,0
meta-llama/llama-3.1-70b,peft_throughput,4,8,128,0,10,164,0,77432214,0,0,0,0,1024,80
meta-llama/llama-3.1-70b,peft_throughput,4,8,128,0,10,165,0,77498127,0,0,0,128,0,0
meta-llama/llama-3.1-70b,peft_throughput,4,8,128,0,10,166,0,77567371,0,0,0,128,0,0
meta-llama/llama-3.1-70b,peft_throughput,4,8,128,0,10,167,0,77638810,0,0,0,128,0,0
meta-llama/llama-3.1-70b,peft_throughput,4,8,128,0,10,168,0,77718506,0,0,0,128,0,0
meta-llama/llama-3.1-70b,peft_throughput,4,8,128,0,10,169,0,77804703,0,0,0,128,0,0
meta-llama/llama-3.1-70b,peft_throughput,4,8,128,0,10,170,0,77896549,0,0,0,128,0,0
meta-llama/llama-3.1-70b,peft_throughput,4,8,128,0,10,171,0,77993310,0,0,0,128,0,0
meta-llama/llama-3.1-70b,peft_throughput,4,8,128,0,10,172,0,78094729,0,0,0,128,0,0
meta-llama/llama-3.1-70b,peft_throughput,4,8,128,0,10,173,0,78516964,0,0,0,0,1024,80
meta-llama/llama-3.1-70b,peft_throughput,4,8,128,0,10,174,0,78582697,0,0,0,128,0,0
meta-llama/llama-3.1-70b,peft_throughput,4,8,128,0,10,175,0,78651252,0,0,0,128,0,0
meta-llama/llama-3.1-70b,peft_throughput,4,8,128,0,10,176,0,78722730,0,0,0,128,0,0
meta-llama/llama-3.1-70b,peft_throughput,4,8,128,0,10,177,0,78801578,0,0,0,128,0,0
meta-llama/llama-3.1-70b,peft_throughput,4,8,128,0,10,178,0,78887290,0,0,0,128,0,0
meta-llama/llama-3.1-70b,peft_throughput,4,8,128,0,10,179,0,78979144,0,0,0,128,0,0
meta-llama/llama-3.1-70b,peft_throughput,4,8,128,0,10,180,0,79076128,0,0,0,128,0,0
meta-llama/llama-3.1-70b,peft_throughput,4,8,128,0,10,181,0,79177521,0,0,0,128,0,0
meta-llama/llama-3.1-70b,peft_throughput,4,8,128,0,10,182,0,79599853,0,0,0,0,1024,80
meta-llama/llama-3.1-70b,peft_throughput,4,8,128,0,10,183,0,79665587,0,0,0,128,0,0
meta-llama/llama-3.1-70b,peft_throughput,4,8,128,0,10,184,0,79733941,0,0,0,128,0,0
meta-llama/llama-3.1-70b,peft_throughput,4,8,128,0,10,185,0,79805362,0,0,0,128,0,0
meta-llama/llama-3.1-70b,peft_throughput,4,8,128,0,10,186,0,79884477,0,0,0,128,0,0
meta-llama/llama-3.1-70b,peft_throughput,4,8,128,0,10,187,0,79970432,0,0,0,128,0,0
meta-llama/llama-3.1-70b,peft_throughput,4,8,128,0,10,188,0,80062273,0,0,0,128,0,0
meta-llama/llama-3.1-70b,peft_throughput,4,8,128,0,10,189,0,80159002,0,0,0,128,0,0
meta-llama/llama-3.1-70b,peft_throughput,4,8,128,0,10,190,0,80260503,0,0,0,128,0,0
meta-llama/llama-3.1-70b,peft_throughput,4,8,128,0,10,191,0,80683582,0,0,0,0,1024,80
meta-llama/llama-3.1-70b,peft_throughput,4,8,128,0,10,192,0,80749536,0,0,0,128,0,0
meta-llama/llama-3.1-70b,peft_throughput,4,8,128,0,10,193,0,80817907,0,0,0,128,0,0
meta-llama/llama-3.1-70b,peft_throughput,4,8,128,0,10,194,0,80889450,0,0,0,128,0,0
meta-llama/llama-3.1-70b,peft_throughput,4,8,128,0,10,195,0,80968268,0,0,0,128,0,0
meta-llama/llama-3.1-70b,peft_throughput,4,8,128,0,10,196,0,81054095,0,0,0,128,0,0
meta-llama/llama-3.1-70b,peft_throughput,4,8,128,0,10,197,0,81145773,0,0,0,128,0,0
meta-llama/llama-3.1-70b,peft_throughput,4,8,128,0,10,198,0,81242406,0,0,0,128,0,0
meta-llama/llama-3.1-70b,peft_throughput,4,8,128,0,10,199,0,81343753,0,0,0,128,0,0
meta-llama/llama-3.1-70b,peft_throughput,4,8,128,0,10,200,0,81765805,0,0,0,0,1024,80
meta-llama/llama-3.1-70b,peft_throughput,4,8,128,0,10,201,0,81831718,0,0,0,128,0,0
meta-llama/llama-3.1-70b,peft_throughput,4,8,128,0,10,202,0,81900328,0,0,0,128,0,0
meta-llama/llama-3.1-70b,peft_throughput,4,8,128,0,10,203,0,81971949,0,0,0,128,0,0
meta-llama/llama-3.1-70b,peft_throughput,4,8,128,0,10,204,0,82051072,0,0,0,128,0,0
meta-llama/llama-3.1-70b,peft_throughput,4,8,128,0,10,205,0,82137063,0,0,0,128,0,0
meta-llama/llama-3.1-70b,peft_throughput,4,8,128,0,10,206,0,82228875,0,0,0,128,0,0
meta-llama/llama-3.1-70b,peft_throughput,4,8,128,0,10,207,0,82325703,0,0,0,128,0,0
meta-llama/llama-3.1-70b,peft_throughput,4,8,128,0,10,208,0,82427223,0,0,0,128,0,0
meta-llama/llama-3.1-70b,peft_throughput,4,8,128,0,10,209,0,82850366,0,0,0,0,1024,80
meta-llama/llama-3.1-70b,peft_throughput,4,8,128,0,10,210,0,82916213,0,0,0,128,0,0
meta-llama/llama-3.1-70b,peft_throughput,4,8,128,0,10,211,0,82984803,0,0,0,128,0,0
meta-llama/llama-3.1-70b,peft_throughput,4,8,128,0,10,212,0,83056395,0,0,0,128,0,0
meta-llama/llama-3.1-70b,peft_throughput,4,8,128,0,10,213,0,83135201,0,0,0,128,0,0
meta-llama/llama-3.1-70b,peft_throughput,4,8,128,0,10,214,0,83221105,0,0,0,128,0,0
meta-llama/llama-3.1-70b,peft_throughput,4,8,128,0,10,215,0,83312994,0,0,0,128,0,0
meta-llama/llama-3.1-70b,peft_throughput,4,8,128,0,10,216,0,83409772,0,0,0,128,0,0
meta-llama/llama-3.1-70b,peft_throughput,4,8,128,0,10,217,0,83511210,0,0,0,128,0,0
meta-llama/llama-3.1-70b,peft_throughput,4,8,128,0,10,218,0,83933465,0,0,0,0,1024,80
meta-llama/llama-3.1-70b,peft_throughput,4,8,128,0,10,219,0,83999327,0,0,0,128,0,0
meta-llama/llama-3.1-70b,peft_throughput,4,8,128,0,10,220,0,84067874,0,0,0,128,0,0
meta-llama/llama-3.1-70b,peft_throughput,4,8,128,0,10,221,0,84139672,0,0,0,128,0,0
meta-llama/llama-3.1-70b,peft_throughput,4,8,128,0,10,222,0,84218671,0,0,0,128,0,0
meta-llama/llama-3.1-70b,peft_throughput,4,8,128,0,10,223,0,84305029,0,0,0,128,0,0
meta-llama/llama-3.1-70b,peft_throughput,4,8,128,0,10,224,0,84396720,0,0,0,128,0,0
meta-llama/llama-3.1-70b,peft_throughput,4,8,128,0,10,225,0,84493573,0,0,0,128,0,0
meta-llama/llama-3.1-70b,peft_throughput,4,8,128,0,10,226,0,84594966,0,0,0,128,0,0
meta-llama/llama-3.1-70b,peft_throughput,4,8,128,0,10,227,0,85017531,0,0,0,0,1024,80
meta-llama/llama-3.1-70b,peft_throughput,4,8,128,0,10,228,0,85083439,0,0,0,128,0,0
meta-llama/llama-3.1-70b,peft_throughput,4,8,128,0,10,229,0,85151959,0,0,0,128,0,0
meta-llama/llama-3.1-70b,peft_throughput,4,8,128,0,10,230,0,85223533,0,0,0,128,0,0
meta-llama/llama-3.1-70b,peft_throughput,4,8,128,0,10,231,0,85302666,0,0,0,128,0,0
meta-llama/llama-3.1-70b,peft_throughput,4,8,128,0,10,232,0,85388831,0,0,0,128,0,0
meta-llama/llama-3.1-70b,peft_throughput,4,8,128,0,10,233,0,85480805,0,0,0,128,0,0
meta-llama/llama-3.1-70b,peft_throughput,4,8,128,0,10,234,0,85577673,0,0,0,128,0,0
meta-llama/llama-3.1-70b,peft_throughput,4,8,128,0,10,235,0,85679278,0,0,0,128,0,0
meta-llama/llama-3.1-70b,peft_throughput,4,8,128,0,10,236,0,86101756,0,0,0,0,1024,80
meta-llama/llama-3.1-70b,peft_throughput,4,8,128,0,10,237,0,86168617,0,0,0,128,0,0
meta-llama/llama-3.1-70b,peft_throughput,4,8,128,0,10,238,0,86237129,0,0,0,128,0,0
meta-llama/llama-3.1-70b,peft_throughput,4,8,128,0,10,239,0,86308681,0,0,0,128,0,0
meta-llama/llama-3.1-70b,peft_throughput,4,8,128,0,10,240,0,86387712,0,0,0,128,0,0
meta-llama/llama-3.1-70b,peft_throughput,4,8,128,0,10,241,0,86473652,0,0,0,128,0,0
meta-llama/llama-3.1-70b,peft_throughput,4,8,128,0,10,242,0,86565960,0,0,0,128,0,0
meta-llama/llama-3.1-70b,peft_throughput,4,8,128,0,10,243,0,86662677,0,0,0,128,0,0
meta-llama/llama-3.1-70b,peft_throughput,4,8,128,0,10,244,0,86764024,0,0,0,128,0,0
meta-llama/llama-3.1-70b,peft_throughput,4,8,128,0,10,245,0,87186114,0,0,0,0,1024,80
meta-llama/llama-3.1-70b,peft_throughput,4,8,128,0,10,246,0,87251738,0,0,0,128,0,0
meta-llama/llama-3.1-70b,peft_throughput,4,8,128,0,10,247,0,87320340,0,0,0,128,0,0
meta-llama/llama-3.1-70b,peft_throughput,4,8,128,0,10,248,0,87392009,0,0,0,128,0,0
meta-llama/llama-3.1-70b,peft_throughput,4,8,128,0,10,249,0,87470966,0,0,0,128,0,0
meta-llama/llama-3.1-70b,peft_throughput,4,8,128,0,10,250,0,87557425,0,0,0,128,0,0
meta-llama/llama-3.1-70b,peft_throughput,4,8,128,0,10,251,0,87649112,0,0,0,128,0,0
meta-llama/llama-3.1-70b,peft_throughput,4,8,128,0,10,252,0,87745880,0,0,0,128,0,0
meta-llama/llama-3.1-70b,peft_throughput,4,8,128,0,10,253,0,87847269,0,0,0,128,0,0
meta-llama/llama-3.1-70b,peft_throughput,4,8,128,0,10,254,0,88270194,0,0,0,0,1024,80
meta-llama/llama-3.1-70b,peft_throughput,4,8,128,0,10,255,0,88336029,0,0,0,128,0,0
meta-llama/llama-3.1-70b,peft_throughput,4,8,128,0,10,256,0,88404446,0,0,0,128,0,0
meta-llama/llama-3.1-70b,peft_throughput,4,8,128,0,10,257,0,88475795,0,0,0,128,0,0
meta-llama/llama-3.1-70b,peft_throughput,4,8,128,0,10,258,0,88554463,0,0,0,128,0,0
meta-llama/llama-3.1-70b,peft_throughput,4,8,128,0,10,259,0,88640546,0,0,0,128,0,0
meta-llama/llama-3.1-70b,peft_throughput,4,8,128,0,10,260,0,88732714,0,0,0,128,0,0
meta-llama/llama-3.1-70b,peft_throughput,4,8,128,0,10,261,0,88829524,0,0,0,128,0,0
meta-llama/llama-3.1-70b,peft_throughput,4,8,128,0,10,262,0,88930948,0,0,0,128,0,0
meta-llama/llama-3.1-70b,peft_throughput,4,8,128,0,10,263,0,89353829,0,0,0,0,1024,80
meta-llama/llama-3.1-70b,peft_throughput,4,8,128,0,10,264,0,89420189,0,0,0,128,0,0
meta-llama/llama-3.1-70b,peft_throughput,4,8,128,0,10,265,0,89489125,0,0,0,128,0,0
meta-llama/llama-3.1-70b,peft_throughput,4,8,128,0,10,266,0,89560472,0,0,0,128,0,0
meta-llama/llama-3.1-70b,peft_throughput,4,8,128,0,10,267,0,89639347,0,0,0,128,0,0
meta-llama/llama-3.1-70b,peft_throughput,4,8,128,0,10,268,0,89725980,0,0,0,128,0,0
meta-llama/llama-3.1-70b,peft_throughput,4,8,128,0,10,269,0,89817700,0,0,0,128,0,0
meta-llama/llama-3.1-70b,peft_throughput,4,8,128,0,10,270,0,89915030,0,0,0,128,0,0
meta-llama/llama-3.1-70b,peft_throughput,4,8,128,0,10,271,0,90016411,0,0,0,128,0,0
meta-llama/llama-3.1-70b,peft_throughput,4,8,128,0,10,272,0,90438622,0,0,0,0,1024,80
meta-llama/llama-3.1-70b,peft_throughput,4,8,128,0,10,273,0,90504608,0,0,0,128,0,0
meta-llama/llama-3.1-70b,peft_throughput,4,8,128,0,10,274,0,90573162,0,0,0,128,0,0
meta-llama/llama-3.1-70b,peft_throughput,4,8,128,0,10,275,0,90644682,0,0,0,128,0,0
meta-llama/llama-3.1-70b,peft_throughput,4,8,128,0,10,276,0,90723388,0,0,0,128,0,0
meta-llama/llama-3.1-70b,peft_throughput,4,8,128,0,10,277,0,90809167,0,0,0,128,0,0
meta-llama/llama-3.1-70b,peft_throughput,4,8,128,0,10,278,0,90900870,0,0,0,128,0,0
meta-llama/llama-3.1-70b,peft_throughput,4,8,128,0,10,279,0,90997651,0,0,0,128,0,0
meta-llama/llama-3.1-70b,peft_throughput,4,8,128,0,10,280,0,91099084,0,0,0,128,0,0
meta-llama/llama-3.1-70b,peft_throughput,4,8,128,0,10,281,0,91521535,0,0,0,0,1024,80
meta-llama/llama-3.1-70b,peft_throughput,4,8,128,0,10,282,0,91587453,0,0,0,128,0,0
meta-llama/llama-3.1-70b,peft_throughput,4,8,128,0,10,283,0,91655891,0,0,0,128,0,0
meta-llama/llama-3.1-70b,peft_throughput,4,8,128,0,10,284,0,91727337,0,0,0,128,0,0
meta-llama/llama-3.1-70b,peft_throughput,4,8,128,0,10,285,0,91806280,0,0,0,128,0,0
meta-llama/llama-3.1-70b,peft_throughput,4,8,128,0,10,286,0,91892179,0,0,0,128,0,0
meta-llama/llama-3.1-70b,peft_throughput,4,8,128,0,10,287,0,91983796,0,0,0,128,0,0
meta-llama/llama-3.1-70b,peft_throughput,4,8,128,0,10,288,0,92080568,0,0,0,128,0,0
meta-llama/llama-3.1-70b,peft_throughput,4,8,128,0,10,289,0,92182188,0,0,0,128,0,0
meta-llama/llama-3.1-70b,peft_throughput,4,8,128,0,10,290,0,92604911,0,0,0,0,1024,80
meta-llama/llama-3.1-70b,peft_throughput,4,8,128,0,10,291,0,92688979,0,0,0,128,0,0
meta-llama/llama-3.1-70b,peft_throughput,4,8,128,0,10,292,0,92757351,0,0,0,128,0,0
meta-llama/llama-3.1-70b,peft_throughput,4,8,128,0,10,293,0,92828671,0,0,0,128,0,0
meta-llama/llama-3.1-70b,peft_throughput,4,8,128,0,10,294,0,92907677,0,0,0,128,0,0
meta-llama/llama-3.1-70b,peft_throughput,4,8,128,0,10,295,0,92993597,0,0,0,128,0,0
meta-llama/llama-3.1-70b,peft_throughput,4,8,128,0,10,296,0,93085321,0,0,0,128,0,0
meta-llama/llama-3.1-70b,peft_throughput,4,8,128,0,10,297,0,93181989,0,0,0,128,0,0
meta-llama/llama-3.1-70b,peft_throughput,4,8,128,0,10,298,0,93284016,0,0,0,128,0,0
meta-llama/llama-3.1-70b,peft_throughput,4,8,128,0,10,299,0,93706145,0,0,0,0,1024,80
meta-llama/llama-3.1-70b,peft_throughput,4,8,128,0,10,300,0,93771747,0,0,0,128,0,0
meta-llama/llama-3.1-70b,peft_throughput,4,8,128,0,10,301,0,93840364,0,0,0,128,0,0
meta-llama/llama-3.1-70b,peft_throughput,4,8,128,0,10,302,0,93911942,0,0,0,128,0,0
meta-llama/llama-3.1-70b,peft_throughput,4,8,128,0,10,303,0,93990868,0,0,0,128,0,0
meta-llama/llama-3.1-70b,peft_throughput,4,8,128,0,10,304,0,94077073,0,0,0,128,0,0
meta-llama/llama-3.1-70b,peft_throughput,4,8,128,0,10,305,0,94169014,0,0,0,128,0,0
meta-llama/llama-3.1-70b,peft_throughput,4,8,128,0,10,306,0,94266384,0,0,0,128,0,0
meta-llama/llama-3.1-70b,peft_throughput,4,8,128,0,10,307,0,94368025,0,0,0,128,0,0
meta-llama/llama-3.1-70b,peft_throughput,4,8,128,0,10,308,0,94790264,0,0,0,0,1024,80
meta-llama/llama-3.1-70b,peft_throughput,4,8,128,0,10,309,0,94855906,0,0,0,128,0,0
meta-llama/llama-3.1-70b,peft_throughput,4,8,128,0,10,310,0,94924648,0,0,0,128,0,0
meta-llama/llama-3.1-70b,peft_throughput,4,8,128,0,10,311,0,94996324,0,0,0,128,0,0
meta-llama/llama-3.1-70b,peft_throughput,4,8,128,0,10,312,0,95075162,0,0,0,128,0,0
meta-llama/llama-3.1-70b,peft_throughput,4,8,128,0,10,313,0,95161260,0,0,0,128,0,0
meta-llama/llama-3.1-70b,peft_throughput,4,8,128,0,10,314,0,95252945,0,0,0,128,0,0
meta-llama/llama-3.1-70b,peft_throughput,4,8,128,0,10,315,0,95349697,0,0,0,128,0,0
meta-llama/llama-3.1-70b,peft_throughput,4,8,128,0,10,316,0,95451062,0,0,0,128,0,0
meta-llama/llama-3.1-70b,peft_throughput,4,8,128,0,10,317,0,95873210,0,0,0,0,1024,80
meta-llama/llama-3.1-70b,peft_throughput,4,8,128,0,10,318,0,95939503,0,0,0,128,0,0
meta-llama/llama-3.1-70b,peft_throughput,4,8,128,0,10,319,0,96008321,0,0,0,128,0,0
meta-llama/llama-3.1-70b,peft_throughput,4,8,128,0,10,320,0,96080001,0,0,0,128,0,0
meta-llama/llama-3.1-70b,peft_throughput,4,8,128,0,10,321,0,96158904,0,0,0,128,0,0
meta-llama/llama-3.1-70b,peft_throughput,4,8,128,0,10,322,0,96244777,0,0,0,128,0,0
meta-llama/llama-3.1-70b,peft_throughput,4,8,128,0,10,323,0,96336565,0,0,0,128,0,0
meta-llama/llama-3.1-70b,peft_throughput,4,8,128,0,10,324,0,96433247,0,0,0,128,0,0
meta-llama/llama-3.1-70b,peft_throughput,4,8,128,0,10,325,0,96534597,0,0,0,128,0,0
meta-llama/llama-3.1-70b,peft_throughput,4,8,128,0,10,326,0,96957054,0,0,0,0,1024,80
meta-llama/llama-3.1-70b,peft_throughput,4,8,128,0,10,327,0,97023075,0,0,0,128,0,0
meta-llama/llama-3.1-70b,peft_throughput,4,8,128,0,10,328,0,97091714,0,0,0,128,0,0
meta-llama/llama-3.1-70b,peft_throughput,4,8,128,0,10,329,0,97163217,0,0,0,128,0,0
meta-llama/llama-3.1-70b,peft_throughput,4,8,128,0,10,330,0,97242225,0,0,0,128,0,0
meta-llama/llama-3.1-70b,peft_throughput,4,8,128,0,10,331,0,97328595,0,0,0,128,0,0
meta-llama/llama-3.1-70b,peft_throughput,4,8,128,0,10,332,0,97420487,0,0,0,128,0,0
meta-llama/llama-3.1-70b,peft_throughput,4,8,128,0,10,333,0,97517233,0,0,0,128,0,0
meta-llama/llama-3.1-70b,peft_throughput,4,8,128,0,10,334,0,97619106,0,0,0,128,0,0
meta-llama/llama-3.1-70b,peft_throughput,4,8,128,0,10,335,0,98042002,0,0,0,0,1024,80
meta-llama/llama-3.1-70b,peft_throughput,4,8,128,0,10,336,0,98107968,0,0,0,128,0,0
meta-llama/llama-3.1-70b,peft_throughput,4,8,128,0,10,337,0,98176604,0,0,0,128,0,0
meta-llama/llama-3.1-70b,peft_throughput,4,8,128,0,10,338,0,98247902,0,0,0,128,0,0
meta-llama/llama-3.1-70b,peft_throughput,4,8,128,0,10,339,0,98327729,0,0,0,128,0,0
meta-llama/llama-3.1-70b,peft_throughput,4,8,128,0,10,340,0,98414074,0,0,0,128,0,0
meta-llama/llama-3.1-70b,peft_throughput,4,8,128,0,10,341,0,98506058,0,0,0,128,0,0
meta-llama/llama-3.1-70b,peft_throughput,4,8,128,0,10,342,0,98602797,0,0,0,128,0,0
meta-llama/llama-3.1-70b,peft_throughput,4,8,128,0,10,343,0,98704215,0,0,0,128,0,0
meta-llama/llama-3.1-70b,peft_throughput,4,8,128,0,10,344,0,99126530,0,0,0,0,1024,80
meta-llama/llama-3.1-70b,peft_throughput,4,8,128,0,10,345,0,99127736,0,0,0,0,0,0
meta-llama/llama-3.1-70b,peft_throughput,4,8,128,0,10,346,0,99128483,0,0,0,0,0,0
meta-llama/llama-3.1-70b,peft_throughput,4,8,128,0,10,347,0,99139306,0,0,0,0,0,0
